scrollamount,char_1,char_2,char_3,char_4,char_5,char_6,char_7,char_8,char_9,char_10,char_11,char_12,char_13,char_14,char_15,char_16,char_17,char_18,char_19,char_20
6,D,p,7,h,T,Y,b,5,u,L,C,a,7,i,E,I,t,4,f,P
9,T,e,8,o,E,P,n,9,s,B,M,g,1,y,O,V,h,6,d,H
20,R,y,0,t,D,P,n,4,v,H,T,g,9,t,O,V,v,6,c,V
3,H,b,3,g,R,S,a,6,d,T,S,f,2,b,Y,J,g,2,z,T
12,L,u,9,r,H,D,r,1,d,Y,P,s,1,q,M,M,v,4,x,E
4,G,e,9,n,W,E,f,5,f,O,I,g,9,v,C,Z,v,1,t,C
7,T,f,8,p,N,L,e,6,g,Y,H,r,9,p,E,X,i,2,q,S
30,B,r,7,p,E,Z,n,1,c,A,C,y,9,r,R,C,r,0,i,R
1,W,q,3,h,E,O,q,4,i,T,K,v,4,d,O,G,i,4,o,U
7,V,v,6,c,R,J,q,7,z,T,A,r,0,f,R,T,q,6,r,A
16,G,h,9,f,H,L,c,2,x,I,R,g,5,e,O,Z,u,1,b,F
4,Q,r,6,u,R,K,n,3,j,D,X,a,0,r,S,F,f,5,l,U
6,K,j,7,f,C,O,r,2,h,D,W,e,2,w,R,P,j,6,l,N
14,D,v,8,a,N,F,y,4,u,S,G,y,9,f,E,L,l,9,v,T
10,K,v,7,l,E,I,r,6,l,A,R,y,4,w,F,I,q,9,x,U
50,H,g,5,g,I,S,b,7,v,E,F,g,2,b,T,N,u,5,z,R
15,R,r,0,s,E,P,a,6,r,E,J,r,9,h,T,G,k,1,q,E
5,B,g,8,e,C,A,y,7,i,E,X,r,2,v,S,X,p,1,r,N
8,I,u,7,c,H,T,v,6,h,T,R,s,1,g,R,K,s,7,w,D
17,A,e,9,o,R,V,r,1,z,N,C,v,4,y,H,Z,a,2,b,H
3,T,q,0,p,E,M,r,2,e,R,V,p,5,p,D,W,u,9,r,O
25,D,v,0,x,D,R,s,1,s,E,P,s,4,n,H,V,e,4,o,P
10,X,n,9,p,O,H,o,1,e,R,G,y,5,g,N,P,r,5,j,A
8,P,j,1,p,N,M,v,0,j,D,J,y,4,y,Y,K,y,6,p,A
2,B,t,1,b,P,W,h,1,y,E,H,v,8,t,T,K,q,7,x,E
15,Y,r,5,l,N,C,g,2,y,T,W,u,6,d,R,Z,r,2,d,K
9,A,r,2,e,T,X,n,4,r,L,Z,a,1,t,Y,L,q,0,y,E
22,V,y,6,g,U,B,n,5,a,C,H,a,5,m,A,S,t,1,h,E
4,V,y,9,p,N,C,r,9,y,L,S,l,7,o,I,E,f,4,b,L
11,P,r,9,x,T,W,a,1,m,T,D,p,3,c,R,V,e,8,z,H
6,J,l,7,x,O,N,c,2,r,N,T,g,5,m,W,E,r,1,c,I
9,Z,q,7,n,B,G,f,6,z,E,E,p,3,y,O,K,h,2,l,T
28,R,y,8,b,R,W,c,4,u,S,X,g,5,h,I,D,h,8,p,C
2,D,e,6,y,E,K,r,3,t,U,Z,g,5,m,E,L,u,6,f,E
7,I,r,7,a,T,X,x,9,i,C,L,r,5,i,E,L,l,2,e,T
